code,name
603259.SH,药明康德
000333.SZ,美的集团
600036.SH,招商银行
600690.SH,海尔智家
002594.SZ,比亚迪
601899.SH,紫金矿业
600660.SH,福耀玻璃
000338.SZ,潍柴动力
601318.SH,中国平安
688339.SH,亿华通-U
002352.SZ,顺丰控股
600016.SH,民生银行
601919.SH,中远海控
000921.SZ,海信家电
601328.SH,交通银行
600999.SH,招商证券
601658.SH,邮储银行
600585.SH,海螺水泥
601288.SH,农业银行
603993.SH,洛阳钼业
000157.SZ,中联重科
601818.SH,光大银行
601717.SH,中创智领
601888.SH,中国中免
601998.SH,中信银行
601088.SH,中国神华
601077.SH,渝农商行
601916.SH,浙商银行
601898.SH,中煤能源
002948.SZ,青岛银行
601688.SH,华泰证券
601811.SH,新华文轩
601988.SH,中国银行
000513.SZ,丽珠集团
002466.SZ,天齐锂业
600027.SH,华电国际
000002.SZ,万科A
601601.SH,中国太保
600030.SH,中信证券
601398.SH,工商银行
601939.SH,建设银行
000039.SZ,中集集团
601298.SH,青岛港
003816.SZ,中国广核
601857.SH,中国石油
601598.SH,中国外运
600600.SH,青岛啤酒
688187.SH,时代电气
002821.SZ,凯莱英
688235.SH,百济神州-U
601107.SH,四川成渝
600028.SH,中国石化
688236.SH,春立医疗
601728.SH,中国电信
600941.SH,中国移动
601963.SH,重庆银行
600938.SH,中国海油
600801.SH,华新水泥
600115.SH,东方航空
000776.SZ,广发证券
301039.SZ,中集车辆
600332.SH,白云山
600188.SH,兖州煤业
600012.SH,皖通高速
600548.SH,深高速
600377.SH,宁沪高速
601607.SH,上海医药
600196.SH,复星医药
601600.SH,中国铝业
601111.SH,中国国航
002460.SZ,赣锋锂业
000063.SZ,中兴通讯
601766.SH,中国中车
600547.SH,山东黄金
300347.SZ,泰格医药
688428.SH,C诺诚-U
000898.SZ,鞍钢股份
601588.SH,北辰实业
000488.SZ,晨鸣纸业
600875.SH,东方电气
002672.SZ,东江环保
601865.SH,福莱特
601238.SH,广汽集团
601333.SH,广深铁路
601211.SH,国泰君安
002399.SZ,海普瑞
600011.SH,华能国际
600362.SH,江西铜业
002202.SZ,金风科技
300748.SZ,金力永磁
688180.SH,君实生物-U
300759.SZ,康龙化成
688185.SH,康希诺-U
001289.SZ,龙源电力
600808.SH,马钢股份
600029.SH,南方航空
600775.SH,南京熊猫
688331.SH,荣昌生物
002490.SZ,山东墨龙
601336.SH,新华保险
601633.SH,长城汽车
603127.SH,昭衍新药
601186.SH,中国铁建
601390.SH,中国中铁
601005.SH,重庆钢铁
002910.SZ,庄园牧场
688009.SH,中国通号
600026.SH,中远海能
601326.SH,秦港股份
600988.SH,赤峰黄金
688347.SH,华虹公司
300750.SZ,宁德时代
600276.SH,恒瑞医药
002803.SZ,吉宏股份
002865.SZ,钧达股份
002050.SZ,三花智控
603288.SH,海天味业
300433.SZ,蓝思科技
688279.SH,峰岹科技
603345.SH,安井食品
601319.SH,中国人保
600031.SH,三一重工
601127.SH,赛力斯